Sex,Age,2014 - 2015,2015 - 2016,2016 - 2017,2017 - 2018,2018 - 2019,2019 - 2020,2020 - 2021,2021 - 2022,2022 - 2023,2023 - 2024,2024 - 2025,2025 - 2026,2026 - 2027,2027 - 2028,2028 - 2029,2029 - 2030,2030 - 2031,2031 - 2032,2032 - 2033,2033 - 2034,2034 - 2035,2035 - 2036,2036 - 2037,2037 - 2038,2038 - 2039
1,Birth,386.5113575,364.1381234,356.2945368,349.0764784,342.6033471,336.216342,330.7554222,325.4700163,320.6832261,316.073277,312.1464531,308.5553318,305.1163423,302.3955665,299.8091459,297.300134,295.546529,293.5580852,292.2728238,291.1803517,290.0105326,289.5006476,289.437688,289.1388918,288.9528368
1,0,83.98740189,79.41903468,77.88559278,76.23671871,74.41997099,73.25641815,72.20382801,70.99931536,70.07025084,69.00722171,68.08572064,67.25962819,66.50584345,65.97562055,65.63538087,65.02892813,64.63012666,64.18446077,63.93152007,63.37606749,63.24456796,63.28569125,62.77547266,62.93062139,62.79389873
1,1,25.01946296,23.59369179,23.23614545,22.76574053,22.33219259,21.92149183,21.79725645,21.46098682,21.14993138,20.84881018,19.86144845,19.63347651,19.43312845,19.25358658,19.31037812,19.11083802,18.90437055,18.9299253,18.94229158,18.69676279,18.67694465,18.63838151,18.8207134,18.74107997,18.64454181
1,2,15.51198359,14.48496883,14.3224199,13.91484117,13.78456449,13.43050507,13.08976671,12.77567127,12.48007987,12.43912008,12.16460862,11.90878821,11.67725961,11.7007381,11.49774956,11.53147613,11.31589402,11.33704803,11.35224569,11.117986,11.11634707,11.10462,11.08177385,11.04696401,11.23958246
1,3,12.14420168,10.98732834,10.80960325,10.56673322,10.38691249,10.04755434,9.968974606,9.655422123,9.601766725,9.321156875,9.290669309,9.026342668,9.013282732,9.018352347,8.560809092,8.34891798,8.13404913,8.151717855,8.166892858,8.177794882,8.1831091,8.181888187,8.173312692,8.156548149,8.131034004
1,4,10.44281164,9.712854845,9.540719091,9.326317073,9.052176009,8.619437077,8.2983906,7.991998314,7.934351655,7.65132894,7.618267654,7.593464874,7.335021177,7.324449485,7.32857055,7.106259904,7.128278117,7.148984844,6.925654295,6.938463011,6.947705341,6.952219076,6.951169235,6.943912344,6.929725416
1,5,9.564742886,8.947680253,8.732531986,8.58006827,8.10283933,7.559389982,7.609845667,7.299127998,7.242807892,6.951035944,6.91266209,6.882900502,6.62398925,6.604988654,6.595482566,6.599197726,6.376105192,6.395800565,6.414322469,6.42815819,6.201476428,6.209726342,6.213733307,6.212797886,6.206331891
1,6,8.757131893,8.06374759,7.95437563,7.529836979,7.39973361,7.130251876,6.809471001,6.855049968,6.551807814,6.501371308,6.454728447,6.181439515,6.154895035,6.134954849,6.117402363,5.873687525,5.876973782,5.888574046,5.906702453,5.923777569,5.699074613,5.709500609,5.717089811,5.720769253,5.719910293
1,7,8.044041125,7.514887355,7.307635627,6.969763244,6.57057205,6.458465722,6.401046927,6.306975029,6.10488684,6.05107104,6.004606734,5.961621466,5.691695105,5.667327855,5.649012717,5.632877227,5.624824224,5.393452349,5.404084548,5.42068013,5.436298401,5.447977734,5.457919441,5.465156066,5.468664552
1,8,7.201747967,6.763815092,6.525569356,6.558117674,6.231925917,6.086170815,5.983008257,5.912723471,5.807566291,5.846229547,5.553369084,5.510829979,5.471487602,5.44145585,5.41821557,5.400747182,5.15119941,5.143852512,5.146704472,5.156826114,5.17262459,5.187492484,5.198622838,5.208074409,5.214963152
1,9,7.225017828,6.664957703,6.494106598,6.266978087,6.056605031,5.977879455,5.83878189,5.740205201,5.663335917,5.552651814,5.589517953,5.54047983,5.498124064,5.221616066,5.193021052,5.170892108,5.154270841,5.139604507,5.132266677,5.135105801,5.14518183,4.92632216,4.940449934,4.9510261,4.960006991
1,10,7.624981618,7.197859836,6.898604566,6.723333578,6.489581218,6.281885097,6.200877424,6.057125684,5.95512811,5.884381322,5.779059338,5.817314509,5.526156138,5.484018259,5.445043531,5.415300579,5.392295348,5.374980866,5.359749909,5.352116937,5.355070262,5.132266677,5.147878664,5.162616555,5.173652469
1,11,9.241807698,8.408717942,7.969513953,7.385797112,7.199531286,7.19068375,6.987665566,6.660196761,6.506150636,6.396885631,6.338504301,6.243876198,6.285096827,6.230245927,6.182880081,6.139039807,5.870749577,5.845888353,5.827152667,5.81068329,5.802429593,5.805623094,5.816943127,5.834605277,5.851251817
1,12,10.81608808,10.32147201,10.00167596,9.53249721,9.395000083,8.912391195,8.845252311,8.651735214,8.541077243,8.344004775,8.204239997,7.493206355,7.425229733,7.474120857,7.409062718,7.115690453,7.065365226,7.026937766,6.764014046,6.742406365,6.72338265,6.713872133,6.717557959,6.730623058,6.751007704
1,13,13.61116782,12.75544551,12.22874422,11.85295334,11.34886544,10.88586926,10.61499059,10.25165427,10.06611279,9.937711842,9.708973519,9.546788926,9.341461962,9.315868866,9.1365591,9.057269352,8.988753414,8.925352346,8.876959501,8.839521968,8.811359233,8.786563956,8.774188186,8.778972052,8.7959807
1,14,17.5044569,16.31709368,15.526438,14.95014542,14.49403731,14.20334989,13.62688332,13.28941264,13.0735267,12.66444362,12.503406,12.21641494,11.78626515,11.87553047,11.66957017,11.506142,11.40658659,11.08473573,11.00672933,10.94722622,10.90121757,10.86656209,10.83609711,10.82085386,10.82678639
1,15,22.42520802,20.87221787,20.34464936,19.36472477,18.4458161,17.88937425,17.53460795,17.07845415,16.41253771,16.09145626,15.69995016,15.50123599,15.14697732,15.1214057,14.8373284,14.69934505,14.556336,14.43095321,14.32259413,14.22224709,14.14569837,13.85561297,13.81169367,13.77317193,13.75384965
1,16,29.06887007,26.94475031,25.53677096,25.14406593,23.71526063,22.99753735,22.3105792,21.61160048,21.24399857,20.72286219,20.02195348,19.88933008,19.40503689,19.19201612,18.87504719,18.4630013,18.40738372,18.28896083,18.13219548,17.99666711,17.87115132,17.77535643,17.93124059,17.64545469,17.59650081
1,17,36.39400247,33.67514455,32.14355053,30.89080365,30.11055456,29.07926731,27.7289199,26.90881079,26.38317684,25.5793855,24.95578223,24.58509722,24.00604387,23.70538391,23.39648871,23.01228588,22.71381964,22.75366228,22.19163659,22.23668257,22.0714138,21.91844033,21.80164178,21.71150664,22.09889369
1,18,44.08508668,40.38488768,38.85077393,37.39106989,36.04144766,34.88691942,33.42749658,32.55453557,31.86260427,30.99020095,30.25807928,29.52720464,29.23969823,28.45627064,27.87254186,27.6982111,27.24711136,27.29152121,27.20019342,26.67122105,26.44618896,26.25131257,26.29966062,26.38822539,26.50669011
1,19,50.26922096,46.35867124,44.51067289,43.13074689,41.25340341,40.05592423,38.78367023,37.70683207,36.77224357,35.71332223,35.03346452,34.15544604,33.57922628,32.70563669,32.41047755,32.01376819,31.52840609,31.02201143,30.49221384,30.47212316,30.43217142,30.40781915,30.18689775,30.20804097,30.05067126
1,20,53.94782475,50.15793779,48.10945256,46.57224698,44.56680698,43.01524583,42.16170909,40.72041416,39.70123497,38.74749377,37.65012672,36.69697473,36.24613991,35.86265998,35.15342442,34.64815142,34.2303321,33.92256463,33.60063066,33.14492286,32.95636667,32.93216655,32.66258647,32.65240398,32.65694216
1,21,55.91193291,51.85483843,49.88378016,48.15034072,46.44269928,44.98850759,43.73771387,42.43528929,41.53506464,40.29003627,39.34277134,38.4960703,37.78695229,37.06810091,36.44277281,35.94779581,35.67705575,35.03294529,34.71275198,34.5954298,34.38928012,34.22963864,34.21345394,34.15940687,33.9185756
1,22,56.59792564,52.28817348,50.3308414,48.63969458,46.98840801,45.5834974,44.1675878,42.94712165,41.89047832,40.74220805,39.75996197,39.09024961,38.26622323,37.81356238,37.10673487,36.49145886,36.22164592,35.95651454,35.53633319,35.21093151,34.87904594,35.11126954,34.96912336,34.73768104,34.89857058
1,23,56.6566112,52.64583719,50.78849696,48.93409258,47.28004647,45.93611071,44.58445264,43.18307778,42.439774,41.14852224,40.24638641,39.52233012,38.86886678,38.30491189,37.62421871,36.93640819,36.5566717,36.50418725,35.8131417,35.82769438,35.50142632,35.37595176,35.19501622,35.2715479,35.26192253
1,24,57.13048933,53.01052047,51.11917562,49.75743252,47.98054843,46.59263614,45.30241572,44.20292028,42.81041249,42.07336629,41.26195565,40.37527244,39.66401378,39.01795917,38.45849844,37.78479127,37.54773088,37.15997259,37.0901407,36.83637304,36.41825418,36.29034337,36.35791216,36.20289852,36.08625464
1,25,58.7926415,54.80674665,52.63720801,51.01556188,49.48617575,47.98387399,46.85700584,45.80947423,44.72099497,43.80354786,42.62608602,42.06860689,41.20930132,40.76387101,40.1058121,39.52305726,39.06649462,38.56464176,38.59158075,38.26926211,38.02277353,38.01237073,37.85317266,37.69579893,37.57392205
1,26,61.64174754,57.34535298,55.31441852,53.81510667,52.26362875,50.58917092,49.54231828,48.26044041,47.21507227,46.35987509,45.48876898,44.56176781,43.82476586,43.25290353,42.36477768,41.92442646,41.53132251,41.27171611,40.91626025,40.89248934,40.29513577,40.26913203,40.23393753,40.23433452,40.04316653
1,27,65.43024997,60.68443213,58.99659728,57.39978953,55.88349014,54.42102543,52.81365829,51.76896672,50.77072785,49.50628827,48.66766826,48.08061516,47.4082196,46.51617992,46.01406143,45.42313816,44.93728293,44.46948253,44.38802837,43.92621707,43.62455934,43.57239709,43.56122384,43.07763972,43.22337294
1,28,70.09499002,65.62793745,63.90643398,62.03838543,60.39590997,58.83993079,57.67777974,56.1354453,55.07007246,54.16410862,53.32375799,52.29215758,51.57440272,50.71441418,50.36624271,49.72621263,49.20666201,48.89900827,48.33269386,47.96114472,47.81252275,47.64259546,47.47245308,47.47890143,47.5695936
1,29,75.30417589,70.50355204,68.4861841,66.70947372,65.0908623,63.61850732,62.4136331,61.54633077,60.06303457,58.97231334,58.17329416,57.10857367,56.31532282,55.69785783,54.8800471,54.63541673,53.63587074,53.42761923,53.05566755,52.61461616,52.62091334,52.5284448,52.25992436,52.16071661,52.18802955
1,30,80.6700965,76.09239727,73.87931111,72.39080208,70.71736914,69.11909869,67.55643952,66.65966774,65.66609001,64.44879954,63.74252201,62.63977304,61.77292572,61.00239391,60.71758951,59.9462482,59.37006316,58.95134184,58.83950931,58.38331919,58.03493703,57.95032605,57.67454922,57.72030179,57.46153412
1,31,86.53962649,81.24191342,79.46776743,77.94726979,76.31078976,74.96292477,73.58859873,72.33083495,71.30008576,70.3954814,69.24158367,68.28989163,67.73513846,67.2772163,66.31911729,65.72194124,64.99686107,64.9980796,64.48263741,63.99696607,63.6939703,63.66631574,63.26354969,63.45328306,63.16612268
1,32,92.62025003,87.18506122,85.25218127,84.0619823,82.32989142,81.00554888,79.72520801,78.55925774,77.37008797,76.60470039,75.80076237,74.50788489,74.14175695,73.52539252,72.61923705,72.3302466,71.87658329,71.20729642,70.67772209,70.7644069,70.15473147,69.75574989,69.80263135,69.9675087,69.49577792
1,33,98.7593217,93.56244196,91.91472152,90.04443346,88.95792938,87.68737892,86.44608657,85.40922181,84.43620478,83.28971288,82.76500345,82.07766625,81.07746689,80.45161567,79.78492387,79.49643709,78.81058295,78.51166514,78.34581577,77.53409738,77.78648541,77.30275053,77.0253285,77.11634901,77.15902699
1,34,105.9489294,100.8315747,99.22786872,97.82354103,96.24594648,94.78206831,93.95514421,93.24649847,92.17579334,91.17592091,90.25753834,89.53692684,89.18594438,88.27919824,87.59743647,87.11633142,86.80156542,86.36459825,86.02604763,85.70664127,85.75441709,85.50622832,85.16119544,84.76109863,84.8849104
1,35,114.2752391,108.5588978,107.1938746,105.6859259,104.5102489,103.2339716,102.0210687,101.3976157,100.5477145,99.85856987,99.0440519,98.11223241,97.5786013,97.1723269,96.1594222,95.83484601,95.78245785,95.00831858,94.82514866,94.46769436,94.44706797,94.25145788,94.20730037,94.01854492,93.71359396
1,36,122.9634184,117.4761183,115.8469221,114.9770789,113.3407355,112.3972565,111.4158481,110.4072864,109.5271927,108.9945311,108.4293498,107.5805312,107.0369993,106.6611088,106.2191301,105.3243684,105.3479257,104.6837937,104.5188332,104.165882,104.0306361,103.6521824,103.4511438,103.3943936,103.3709627
1,37,133.1244701,126.920048,125.5524128,124.3357522,123.727986,122.2135202,121.484597,120.3322095,119.4954735,119.0247563,118.3739397,117.8988767,117.2289757,116.6234767,116.3872894,115.9217236,115.3648678,115.1020614,114.690497,114.7037321,114.1832879,114.0660921,114.0004587,113.8214349,113.7799957
1,38,144.3789604,137.3702632,135.8043093,135.0795376,133.9855794,133.1917504,132.0244951,130.8055017,130.1665646,129.4748192,129.1878487,128.4261578,127.8002571,127.3079997,126.8395154,126.5215081,126.2482667,125.6152557,125.4835471,125.5563081,125.1015243,125.0610481,124.9816447,124.5694943,124.8728728
1,39,155.4850346,148.5954045,146.9133986,145.5199727,144.6685591,143.7070938,142.9445197,142.1161418,141.3155486,140.2706644,139.7171962,139.1657661,138.7427149,138.1745271,137.858568,137.3041149,137.1030876,136.8217661,136.1149038,136.1130074,136.030664,135.751952,135.5469795,135.4941669,135.6228614
1,40,167.0747019,159.7372098,158.3567617,156.8509709,155.6141841,154.6181433,153.5317465,152.787335,151.8238008,151.2126491,150.450596,149.583408,148.9910011,148.4516426,148.4015146,147.8280275,147.414795,147.1369432,146.8350347,146.6818797,146.5993068,146.356069,146.2540966,146.0986783,145.8519204
1,41,179.2323626,171.0479712,169.6174074,168.4491432,167.1181972,165.7877609,164.6311115,163.4080945,162.670937,161.3380113,160.9189539,159.975001,159.038899,158.4072867,158.6553673,157.7954226,157.4026167,156.9319382,156.8011736,156.4698717,156.2300455,156.2856395,156.2916606,156.1541585,155.8281463
1,42,191.5602788,182.7892699,181.2662673,179.2790618,178.0569757,176.1216046,174.7030049,173.7006639,172.3668483,171.867348,170.6213793,169.4667029,169.0338418,168.4973389,167.8272462,167.4980717,166.5341131,166.3256262,165.817384,166.0604634,165.6915358,165.145014,165.1335359,165.1488186,165.1962111
1,43,204.5446789,195.0338764,192.6092408,190.8321272,188.7724498,187.2423491,185.460763,183.9355247,182.8186547,181.3729516,180.1866484,179.2519391,178.0593166,177.4377474,176.8711962,176.1660257,175.9296647,174.8781194,174.6370413,174.1100303,174.3327167,174.1165695,173.6773942,173.6024525,173.8340538
1,44,218.1515591,207.5006753,204.9229102,202.4715741,200.184786,198.0525673,196.1983354,194.0328365,192.6565819,191.2209567,189.4600389,188.7416642,187.4190011,186.1895045,185.6100521,184.7947174,184.2829117,183.9072025,183.0072574,182.5148568,181.9826497,182.405827,182.127593,181.7895336,181.6540087
1,45,232.5323763,220.6601811,217.323196,214.8037676,211.8463332,209.2762571,207.0589663,204.8628514,202.2969735,200.5600692,199.3457309,197.5158494,196.5716145,195.3223582,194.0592161,192.8152794,192.238704,191.4698373,191.1732137,190.4536752,189.9322692,189.6237134,189.424426,189.6984832,189.4567227
1,46,248.313256,235.0550217,231.1790017,227.6674465,224.3078921,221.0636673,218.4405633,215.8712162,213.3142116,210.8654652,208.7628666,206.7872604,205.3793594,203.9757834,203.0294628,201.7336928,200.5272077,199.7195718,199.1466441,198.7044014,198.1586286,197.6062547,197.5159639,197.518338,197.3063759
1,47,265.2085934,250.9124088,246.4977871,242.0153524,237.8773207,234.1233671,230.8319807,227.9178151,224.9869834,222.0715923,219.7441999,217.7884759,215.4804961,213.9840931,212.8182232,211.2501279,209.9179188,208.9874007,208.153833,207.5469339,207.1957402,206.5687993,206.6450612,206.3068187,206.2789137
1,48,285.2526748,269.1607314,263.7583701,258.9339927,254.3105296,249.9618083,245.8576962,242.1126109,238.9650171,235.6949767,233.2234873,230.2650148,227.9177163,226.1750387,224.0499711,223.1229519,221.6508869,220.5084597,219.1593387,218.7051149,217.6003642,217.5897731,217.0334695,217.0708682,217.0888852
1,49,308.1733491,290.3867887,284.0228513,278.4547302,273.2183246,268.4982405,263.6758273,259.4787851,255.8230105,252.3041489,249.2387547,246.488765,243.4526102,241.1994023,239.3345191,237.4175132,236.0348939,234.6844791,233.4865246,232.4386571,232.0411267,231.3361314,231.0179661,231.0881232,230.631539
1,50,334.7896466,315.3251912,308.4576034,302.0131687,296.3227537,290.6716702,285.6964843,280.9928562,276.7857653,272.8975488,269.4105143,266.3553246,263.1288722,260.5878641,258.3774262,256.3806584,254.5263741,253.38816,252.204425,251.1672687,250.2103827,249.273335,249.1826193,249.2950311,248.9280411
1,51,366.1844136,344.6096921,337.3364646,330.2382573,323.9093011,317.946042,312.3169153,307.4039363,302.502388,298.3962918,294.6974802,291.2118051,287.9883579,285.1422915,282.6519089,280.1628283,278.7093128,276.7204526,275.5987236,274.6292564,273.7337161,273.1316525,272.41348,272.4599123,272.3719638
1,52,401.3861982,378.1379197,369.8512427,362.5926346,355.50797,349.2820676,343.0999647,337.7102357,332.9383346,328.2141172,323.8581644,320.0311148,316.4556962,313.6272981,311.2363361,308.3255855,306.2951367,304.6255695,303.3079598,301.97199,301.257775,300.7251949,299.7908602,299.8725369,299.8108391
1,53,441.1383601,415.7629159,406.8993074,398.809036,391.0999279,383.838871,377.4820701,371.5594595,365.959116,360.9365607,356.5701984,352.2587903,348.9018861,345.1418818,342.2520855,339.8459574,337.608109,335.4718901,334.1319184,332.8904218,331.813015,331.1502827,330.4949833,330.1936309,330.2793854
1,54,485.5067992,457.263372,448.1138481,438.9566202,430.3537587,423.260609,416.0689297,409.5495831,403.7183172,398.1274589,393.3991522,388.6365989,384.6910096,381.0071442,377.9588197,375.0692307,372.4575637,370.4177459,368.6609267,367.1591613,366.1064379,365.528206,364.9539087,364.6360185,364.5171404
1,55,534.0427506,503.2715078,493.0689266,483.3091338,474.2495895,465.956648,458.3571492,450.8031519,444.5358494,438.8417536,433.2614598,428.2019317,423.9005855,419.9383673,416.2711848,413.3139979,410.7168935,408.4712352,406.1405022,404.4697605,403.3923422,402.18403,402.112157,401.8909979,401.6634886
1,56,586.8948754,553.3335488,542.0993475,531.2209966,521.4662673,512.4610487,503.7744382,496.5115781,488.8224016,482.3497323,476.6099933,471.0363363,466.1562906,461.5853735,457.8898618,454.3380523,451.5841803,448.8045067,446.9636997,445.4420677,443.5512184,442.7149388,441.9592336,441.6867478,441.6084173
1,57,645.1519617,608.1455885,595.506474,584.2079898,573.2447188,563.1561509,553.9278314,545.0008998,537.5976573,530.0140802,523.7553324,517.7962807,512.4560315,507.5977189,503.1486634,499.8139737,496.0390185,493.3831328,491.2481767,489.0916377,487.6274634,486.2775559,485.9735994,485.3058191,485.3114939
1,58,707.3169402,667.5562126,654.215415,641.1786431,629.2550567,618.3486217,607.8347501,598.7718141,589.9797271,582.3974957,574.9411228,568.4320619,562.7415989,557.4091622,552.8721944,548.4768156,545.1199652,541.972145,539.5894126,537.3803949,535.7569066,534.1390088,533.0218248,533.0310743,533.0484006
1,59,773.5170472,730.96887,716.0730448,701.9360556,688.9681659,677.112097,665.9386949,655.6152425,646.2050297,637.5101823,629.9468949,622.6283974,616.2989543,610.6901621,605.3610832,600.7344395,597.0423969,593.4921575,591.0811922,588.3121808,586.5858938,585.2774438,584.0766975,583.6975845,583.8126278
1,60,843.7176415,797.3275661,781.9410048,766.5607955,752.3486582,739.6679385,727.5934572,716.3021953,706.0892021,696.9730046,687.8765712,680.3095049,673.1404495,666.975786,661.2523803,656.3783427,651.9500101,648.6886792,645.2357084,642.9414884,640.6493441,639.4570967,638.5201863,637.7839062,637.3067708
1,61,917.8399572,867.2113101,850.6262314,834.8800521,820.0417446,805.4171685,792.4746952,780.3770774,769.1319139,759.2127136,749.6616111,741.0358566,734.1181998,726.8894334,720.6482882,715.301956,710.8889471,706.7171374,703.1411942,700.5526396,698.2346708,696.8075213,695.4043653,695.1604676,694.6567619
1,62,996.8949175,941.5952909,923.7195299,906.9037065,891.5550702,876.6367197,862.0360533,849.0045641,836.7999249,825.7365974,815.5530684,806.4450341,797.7829934,790.8150787,783.9920406,778.1059912,772.955413,769.0073927,764.9166518,762.142394,759.805723,758.0875462,756.9174208,756.1467085,755.8550081
1,63,1082.661341,1021.498528,1001.897378,984.1075795,967.3476259,951.4537829,936.6614904,922.5175493,909.3134319,897.4545715,886.2127452,876.1441067,867.4334396,859.1414592,852.0839158,845.7021712,840.1580336,835.4977441,831.3209994,828.1040054,825.3650381,823.8451608,822.6396929,821.6267892,821.2898192
1,64,1177.755381,1110.450661,1088.173527,1068.319315,1050.565825,1033.561192,1018.084203,1002.930173,988.5177188,975.5649096,963.4355835,952.6020286,942.9750405,934.1025571,926.1060107,919.6114064,913.4785333,908.4839442,904.4026957,900.4625437,897.5346921,895.6911377,893.9348174,893.4510472,893.0949071
1,65,1285.601042,1210.612162,1185.307843,1162.966666,1142.972982,1125.214205,1107.972899,1092.089345,1077.187741,1062.542994,1050.241083,1038.204954,1027.764937,1018.119466,1009.675057,1002.083365,995.6256345,989.8065228,985.333616,981.4832708,978.5037276,975.8020194,974.2547539,973.4184725,973.2328767
1,66,1409.751251,1325.825669,1296.765362,1271.19418,1248.255795,1227.883039,1209.74574,1192.843542,1177.380656,1161.866497,1147.506297,1134.880159,1123.564513,1112.942543,1103.758443,1095.604916,1088.040921,1082.253884,1076.588419,1072.839335,1069.617868,1066.905792,1064.882474,1064.436833,1063.807275
1,67,1552.533487,1457.441214,1423.673356,1394.410036,1368.706737,1345.22207,1325.098841,1306.757343,1289.279888,1273.333648,1258.624676,1247.805783,1238.902122,1227.19585,1216.808785,1207.828832,1199.944427,1193.090288,1188.081618,1182.485957,1179.154573,1176.376148,1174.436585,1173.267178,1172.655179
1,68,1715.239756,1608.331552,1568.45575,1533.970159,1503.800639,1477.457225,1454.090322,1433.316502,1415.255943,1397.787197,1382.190831,1374.339024,1367.19705,1354.963427,1343.457865,1333.466171,1324.637837,1317.345626,1310.8026,1306.266591,1301.292428,1298.819003,1296.670223,1295.535588,1294.73534
1,69,1897.950301,1779.671762,1733.018068,1692.542148,1657.418966,1626.841021,1599.979723,1576.769888,1555.623079,1537.430864,1519.967183,1511.939147,1504.808002,1490.360241,1478.535683,1467.412175,1457.673962,1449.63994,1442.883167,1436.824684,1432.735284,1428.912349,1426.819207,1425.633483,1425.081535
1,70,2105.202757,1971.101245,1919.976403,1872.250296,1831.238676,1795.55453,1764.753959,1737.453602,1713.789342,1692.601866,1674.171062,1660.827489,1649.14457,1634.658569,1620.224635,1608.752878,1598.518662,1589.476569,1582.157736,1575.631584,1570.773296,1567.606588,1564.246925,1563.272168,1562.642231
1,71,2331.29642,2184.799804,2125.151703,2072.317562,2024.166367,1982.368581,1946.609663,1915.013095,1887.599077,1863.458245,1842.63198,1824.163978,1807.375943,1791.542384,1777.186524,1763.948767,1752.659853,1742.883903,1734.525189,1727.716944,1722.577014,1718.310965,1716.2855,1713.982226,1713.37108
1,72,2576.622519,2416.398272,2351.880165,2291.169792,2238.002787,2188.472991,2146.358002,2110.018569,2078.229639,2050.703322,2026.709094,2006.032934,1987.762072,1970.595788,1955.412029,1941.929864,1928.790885,1918.530244,1909.775811,1902.073739,1896.090812,1891.870643,1888.464878,1886.980474,1885.663438
1,73,2843.715887,2668.518805,2600.105798,2533.809061,2471.789557,2417.966932,2368.102183,2325.065623,2288.560097,2256.986068,2229.733413,2205.559834,2184.798216,2166.951895,2150.70006,2135.878283,2122.705893,2110.598771,2100.931469,2093.35178,2086.019938,2081.732088,2078.053861,2075.943784,2075.739904
1,74,3133.229671,2945.309212,2872.096713,2801.377095,2734.479693,2670.884443,2616.747329,2565.918997,2522.925798,2486.220589,2454.344895,2427.43806,2403.783374,2382.964688,2365.449685,2350.121877,2335.986234,2323.770833,2312.3731,2304.327781,2296.567636,2291.555184,2287.873412,2285.680021,2284.481604
1,75,3457.114479,3247.770547,3171.487452,3096.008461,3024.440927,2956.944832,2892.591334,2838.009308,2786.367318,2742.773724,2706.492376,2674.791969,2647.993137,2624.545755,2604.730021,2587.775174,2573.059197,2559.886754,2548.286472,2537.854857,2530.966009,2524.907647,2521.007173,2518.74097,2518.202742
1,76,3827.580719,3593.574579,3507.041849,3430.011846,3352.810688,3279.822343,3210.8719,3145.90047,3089.831858,3038.237558,2994.809368,2958.699892,2927.189257,2900.721701,2877.561733,2858.272222,2842.434251,2828.370096,2816.275131,2806.084277,2796.700861,2790.971509,2786.663069,2783.885643,2782.886845
1,77,4254.137736,3989.672859,3891.400271,3802.539654,3722.843916,3645.746391,3570.790392,3500.621143,3434.276288,3378.323287,3325.479616,3282.645426,3246.341616,3215.340376,3188.679565,3167.051969,3148.152619,3133.296067,3120.284255,3109.417404,3100.828813,3093.274191,3088.73991,3085.612929,3084.616275
1,78,4742.645656,4440.698515,4327.191154,4225.81609,4134.939362,4054.395111,3974.093187,3898.069043,3827.256596,3759.94765,3703.094073,3650.791111,3607.680846,3571.599895,3541.380887,3515.766441,3493.849107,3476.833888,3462.496287,3451.346033,3441.614222,3434.261982,3428.516297,3426.017204,3424.863763
1,79,5303.467787,4961.446865,4826.004143,4709.204476,4605.340297,4512.275689,4429.631891,4347.535006,4271.064006,4198.347107,4130.473864,4073.621623,4021.219877,3977.984121,3943.034852,3912.370483,3888.429502,3867.886013,3851.56008,3839.162852,3829.248511,3822.049877,3816.57679,3812.530095,3811.530693
1,80,5948.135358,5561.421601,5405.779234,5264.848637,5143.872434,5036.971674,4941.902146,4857.265349,4773.937637,4694.828853,4622.049942,4554.048462,4496.437705,4444.298437,4402.104601,4367.359857,4338.85019,4315.236751,4296.665202,4280.969318,4270.930902,4263.185709,4256.982066,4254.191901,4251.848529
1,81,6683.316823,6250.40724,6070.833998,5907.433059,5761.136822,5636.886924,5526.930708,5429.470977,5342.627019,5258.028705,5178.46746,5103.552935,5034.946282,4978.135622,4926.52898,4885.159933,4852.124443,4824.842918,4802.931642,4785.652356,4772.79734,4764.401828,4758.602179,4755.128882,4754.527143
1,82,7517.154294,7035.029456,6832.457096,6645.103362,6474.453515,6322.304867,6194.211863,6079.811915,5980.651935,5892.964916,5806.301634,5726.29367,5651.80133,5582.888887,5526.879507,5476.085402,5435.691864,5404.57815,5379.054697,5358.540245,5344.05528,5333.677354,5327.485801,5323.915474,5323.274925
1,83,8452.927202,7916.758379,7693.296381,7482.515562,7284.497799,7106.888292,6948.837501,6814.687786,6699.568699,6598.116248,6509.94575,6421.614988,6341.256825,6265.946968,6198.041628,6143.319924,6093.956545,6055.975745,6026.716084,6003.673677,5986.34097,5974.362568,5965.996687,5962.840202,5962.725232
1,84,9490.496667,8899.865409,8657.418068,8421.712009,8199.076841,7992.539016,7807.938381,7643.655766,7506.93556,7388.358812,7285.361708,7195.65995,7108.242371,7026.646519,6952.704616,6885.212325,6832.222627,6785.063947,6750.232992,6723.507198,6704.442935,6689.731139,6680.333441,6676.459824,6675.983714
1,85,10650.23073,9999.240641,9740.667996,9483.553789,9235.122905,8999.861541,8785.502746,8592.608807,8422.794431,8281.449662,8162.030744,8058.560303,7967.730931,7879.720249,7799.046653,7726.552111,7661.225051,7610.729142,7567.537758,7535.141428,7512.813418,7496.924485,7486.376192,7481.279992,7480.335327
1,86,11916.24225,11213.27334,10937.44729,10662.95331,10390.90599,10129.83889,9884.003894,9656.756679,9457.779742,9281.116355,9138.014241,9017.103991,8913.070669,8822.118948,8736.699189,8656.737538,8587.027476,8523.584032,8476.958023,8437.555922,8410.583863,8392.536676,8380.344113,8375.348798,8373.140563
1,87,13285.58437,12525.27514,12242.37099,11952.9002,11664.52267,11375.28482,11100.51187,10843.15666,10608.80938,10399.02404,10220.13192,10073.1287,9952.09877,9847.708303,9760.13155,9675.383072,9599.076878,9531.742426,9473.486382,9431.38327,9396.610685,9374.83414,9361.903222,9356.062062,9354.294899
1,88,14763.25899,13942.83114,13659.29313,13361.74214,13055.75058,12750.04955,12448.87846,12158.83003,11890.3035,11645.77866,11429.90013,11246.38059,11098.97109,10976.60798,10874.69489,10790.25827,10707.05621,10634.68069,10571.95344,10520.85371,10483.26879,10455.09681,10439.64802,10432.56387,10430.70281
1,89,16346.54266,15471.18657,15186.98205,14890.03258,14579.68783,14257.82376,13936.1144,13616.91854,13313.1844,13032.62091,12780.38428,12559.29784,12371.56303,12222.86283,12103.94386,12004.80465,11922.29852,11845.27095,11777.7831,11721.25268,11675.1337,11646.44924,11623.88589,11616.05706,11615.75363
1,90,18051.93528,17119.03323,16844.72852,16551.29432,16235.96972,15912.81547,15573.95949,15235.66879,14900.60441,14583.33333,14291.35607,14029.04672,13804.1616,13612.68245,13463.3758,13346.15285,13253.19911,13173.85445,13102.67694,13042.81711,12993.9739,12955.74363,12935.19198,12921.19524,12920.88199
1,91,19859.88425,18877.71943,18613.67083,18328.38472,18020.32488,17695.02441,17357.72754,17001.61595,16647.34424,16298.54668,15965.25446,15660.63818,15390.91427,15160.36967,14968.71413,14820.43733,14707.46994,14618.75783,14547.14785,14482.37269,14430.78768,14390.45895,14360.80106,14350.23932,14344.818
1,92,21784.05177,20729.76055,20485.31479,20215.70103,19920.4947,19606.31202,19268.63129,18913.42157,18542.79211,18171.74943,17804.59094,17459.8617,17143.57258,16865.13781,16631.95835,16438.17383,16293.72266,16188.80197,16106.77288,16042.72247,15986.12747,15941.90205,15912.29402,15893.7257,15892.69317
1,93,23829.03981,22707.69826,22473.14921,22227.39114,21942.78529,21642.83593,21312.07252,20967.6789,20598.39314,20212.08551,19824.35708,19441.46079,19080.4731,18756.52508,18471.934,18232.69443,18040.32221,17901.84524,17801.40951,17731.08719,17675.94816,17629.87772,17596.90192,17577.75987,17569.8315
1,94,26001.55995,24801.43479,24583.69851,24342.87835,24093.79112,23813.35942,23510.93784,23165.14941,22806.84403,22421.13456,22020.16793,21612.81457,21218.51852,20839.00552,20509.95908,20217.29008,19974.73783,19790.10495,19654.73883,19566.71515,19502.37926,19455.46766,19424.61349,19405.28124,19396.59386
1,95,28273.08256,27012.26524,26805.79216,26587.53217,26346.76694,26107.171,25804.25918,25492.00057,25148.93902,24778.98783,24380.31161,23958.44606,23540.01803,23125.38198,22740.64353,22394.28231,22099.44751,21862.49679,21678.78159,21551.30253,21471.40002,21422.50731,21391.28165,21370.10415,21360.77191
1,96,30693.45942,29337.64686,29145.33281,28942.16223,28731.34328,28490.56604,28228.64456,27938.9313,27610.45131,27267.03631,26894.90717,26473.11324,26042.40786,25605.92166,25183.4638,24777.41331,24427.14615,24133.4532,23892.51656,23715.03072,23594.19808,23528.4612,23489.39576,23472.522,23469.27353
1,97,33296.58214,31836.27061,31662.6506,31480.4521,31264.33017,31064.57243,30808.62952,30564.63596,30268.36158,29938.31211,29570.88405,29193.84902,28765.52383,28324.0331,27868.27507,27423.57365,27012.92634,26657.4786,26352.86373,26115.67187,25942.87701,25843.12446,25791.11416,25768.82845,25768.83441
1,98,36034.96226,34462.80992,34361.96831,34132.5811,33937.26339,33762.2111,33509.78136,33288.47017,33019.47357,32732.4286,32409.142,32018.15642,31638.69694,31202.50335,30738.25503,30273.4375,29811.91576,29382.26822,29027.79151,28729.77563,28496.2406,28342.32966,28240.29927,28205.31074,28196.99852
1,99,38770.54169,37142.85714,36948.2976,36848.79288,36670.23555,36471.55137,36258.99281,36033.22949,35776.73167,35495.20767,35290.57513,34922.39468,34565.99897,34151.62455,33701.5378,33217.05426,32773.10924,32284.98074,31847.71113,31479.93311,31192.77562,30961.56093,30818.77729,30736.99274,30728.80516
1,100,41641.93867,39960.23857,39822.13439,39500,39436.61972,39306.847,39046.39175,38882.61851,38690.47619,38429.31937,38137.69193,37878.08283,37563.88416,37166.40502,36769.00585,36295.32832,35838.65351,35364.58333,34881.51659,34426.95633,34065.48709,33795.11484,33558.97783,33406.97491,33353.01063
1,101,44290.65744,42711.86441,42549.66887,42364.53202,42314.04959,42192.69103,41922.00557,41754.75687,41551.24654,41394.5278,41071.42857,40912.73018,40599.25094,40313.77899,39975.01562,39537.57225,39076.92308,38579.82813,38033.84367,37590.97525,37119.67546,36767.42751,36453.74449,36271.01375,36113.74408
1,102,47697.36842,45652.17391,45266.27219,45244.95677,45299.1453,44985.67335,45114.94253,44604.31655,44283.1216,44233.80727,44126.50602,43867.24387,43631.43631,43379.57125,42971.42857,42872.00832,42256.21415,41835.01684,41384.38881,40832.24967,40291.54519,39946.23656,39512.19512,39254.76603,39008.79297
1,103,50310.55901,47798.74214,48000,48108.10811,47894.73684,47916.66667,47395.83333,47643.97906,47186.14719,47557.00326,46742.20963,46630.72776,46786.63239,46153.84615,46325.16704,45891.78357,45537.34062,45198.6755,44717.80029,44095.47739,43626.37363,43066.40625,42703.67055,42338.70968,42011.41227
1,104,53658.53659,51250,51807.22892,51648.35165,51041.66667,51515.15152,51000,51485.14851,51000,50819.67213,50931.67702,50000,49494.94949,49275.36232,49107.14286,48962.6556,48888.88889,48494.98328,48036.25378,47643.97906,46966.29213,46588.69396,46140.6518,45625,45174.82517
1,105,56097.56098,52631.57895,53846.15385,55000,54545.45455,55319.14894,56250,55102.04082,55102.04082,55102.04082,55000,54430.37975,53191.48936,53000,53333.33333,52631.57895,52032.52033,52173.91304,51948.05195,51162.7907,51000,50000,49270.07299,48726.11465,48563.21839
1,106,63157.89474,61111.11111,61111.11111,61111.11111,61111.11111,60000,61904.7619,61904.7619,59090.90909,59090.90909,59090.90909,59259.25926,55555.55556,56818.18182,57446.80851,57142.85714,55555.55556,55932.20339,56060.60606,55405.40541,53571.42857,53061.22449,53389.83051,53237.41007,51552.79503
1,107,62500,57142.85714,57142.85714,57142.85714,57142.85714,57142.85714,62500,62500,62500,55555.55556,55555.55556,55555.55556,54545.45455,62500,63157.89474,60000,61904.7619,58333.33333,57692.30769,58620.68966,57575.75758,56410.25641,56521.73913,58181.81818,55384.61538
1,108,66666.66667,66666.66667,66666.66667,66666.66667,66666.66667,66666.66667,66666.66667,66666.66667,66666.66667,66666.66667,50000,50000,50000,60000,66666.66667,57142.85714,62500,62500,60000,63636.36364,66666.66667,64285.71429,64705.88235,65000,60869.56522
1,109,50000,100000,100000,100000,100000,100000,100000,100000,100000,100000,100000,50000,50000,50000,50000,50000,66666.66667,66666.66667,66666.66667,75000,75000,75000,60000,66666.66667,57142.85714
1,110,100000,100000,100000,100000,100000,100000,100000,100000,100000,100000,100000,100000,100000,100000,100000,100000,100000,100000,100000,100000,100000,100000,100000,50000,50000
1,111,100000,100000,100000,100000,100000,100000,100000,100000,100000,100000,100000,100000,100000,100000,100000,100000,100000,100000,100000,100000,100000,100000,100000,100000,100000
1,112,100000,100000,100000,100000,100000,100000,100000,100000,100000,100000,100000,100000,100000,100000,100000,100000,100000,100000,100000,100000,100000,100000,100000,100000,100000
1,113,100000,100000,100000,100000,100000,100000,100000,100000,100000,100000,100000,100000,100000,100000,100000,100000,100000,100000,100000,100000,100000,100000,100000,100000,100000
1,114,100000,100000,100000,100000,100000,100000,100000,100000,100000,100000,100000,100000,100000,100000,100000,100000,100000,100000,100000,100000,100000,100000,100000,100000,100000
1,115,100000,100000,100000,100000,100000,100000,100000,100000,100000,100000,100000,100000,100000,100000,100000,100000,100000,100000,100000,100000,100000,100000,100000,100000,100000
1,116,100000,100000,100000,100000,100000,100000,100000,100000,100000,100000,100000,100000,100000,100000,100000,100000,100000,100000,100000,100000,100000,100000,100000,100000,100000
1,117,100000,100000,100000,100000,100000,100000,100000,100000,100000,100000,100000,100000,100000,100000,100000,100000,100000,100000,100000,100000,100000,100000,100000,100000,100000
1,118,100000,100000,100000,100000,100000,100000,100000,100000,100000,100000,100000,100000,100000,100000,100000,100000,100000,100000,100000,100000,100000,100000,100000,100000,100000
1,119,100000,100000,100000,100000,100000,100000,100000,100000,100000,100000,100000,100000,100000,100000,100000,100000,100000,100000,100000,100000,100000,100000,100000,100000,100000
1,120,100000,100000,100000,100000,100000,100000,100000,100000,100000,100000,100000,100000,100000,100000,100000,100000,100000,100000,100000,100000,100000,100000,100000,100000,100000
1,121,100000,100000,100000,100000,100000,100000,100000,100000,100000,100000,100000,100000,100000,100000,100000,100000,100000,100000,100000,100000,100000,100000,100000,100000,100000
1,122,100000,100000,100000,100000,100000,100000,100000,100000,100000,100000,100000,100000,100000,100000,100000,100000,100000,100000,100000,100000,100000,100000,100000,100000,100000
1,123,100000,100000,100000,100000,100000,100000,100000,100000,100000,100000,100000,100000,100000,100000,100000,100000,100000,100000,100000,100000,100000,100000,100000,100000,100000
1,124,100000,100000,100000,100000,100000,100000,100000,100000,100000,100000,100000,100000,100000,100000,100000,100000,100000,100000,100000,100000,100000,100000,100000,100000,100000
1,125,100000,100000,100000,100000,100000,100000,100000,100000,100000,100000,100000,100000,100000,100000,100000,100000,100000,100000,100000,100000,100000,100000,100000,100000,100000
2,Birth,315.4757501,293.9499657,287.7764988,281.6488418,276.127264,271.0689279,266.3683341,261.8085787,258.1570818,254.5326785,251.262009,248.2606508,245.1854948,242.9267695,241.091515,238.8647262,237.4882666,236.4332935,234.903541,234.161505,233.4162352,232.9293016,232.4753705,232.3381599,232.099541
2,0,69.69694977,64.92735263,63.49894887,62.18236793,61.1847213,60.06121132,59.0315768,58.07642756,57.40165226,56.30914986,55.58545379,54.93921242,54.35210513,53.74947142,53.35825087,53.20400667,52.76450127,52.54322,52.27994372,51.96826608,51.60525556,51.4409842,51.47580891,51.46096156,51.40447043
2,1,22.51088452,20.65081433,20.21023898,19.7559362,19.59270378,19.19039559,18.82700148,18.49161608,18.43092254,18.1256333,17.84814247,17.85882723,17.64297425,17.4458956,17.24376213,17.28175745,17.0598278,17.08296841,16.8391188,16.83684207,16.81890751,16.78426247,16.73107709,16.66029284,16.57427346
2,2,14.06834253,13.22710947,12.74238155,12.53604112,12.15967464,12.06269522,11.71962579,11.65406676,11.35116728,11.3140659,11.2813339,11.01481493,11.02129866,10.79254963,10.82648915,10.605766,10.6290365,10.64903322,10.66338979,10.41632263,10.41492026,10.40389969,10.38253303,10.3497718,10.55753859
2,3,10.74936847,10.07169326,9.877018457,9.581136038,9.103618688,9.020699929,8.694329124,8.631402311,8.583268433,8.294760602,8.267723933,8.243848028,7.982627806,7.987290224,8.003331387,7.777522708,7.800262944,7.81731687,7.831991157,7.589527969,7.594446434,7.593408415,7.585421326,7.569898551,7.546116203
2,4,9.41073536,8.463048216,8.075864179,8.074415835,7.998586056,7.776694801,7.706911301,7.392188751,7.338873761,7.29805771,7.015996472,6.993199114,6.973066531,6.963130225,6.718356541,6.731807291,6.752819302,6.772518624,6.535865562,6.548112255,6.556864407,6.561100246,6.560206293,6.553327704,6.5399427
2,5,8.219438458,7.600228007,7.441389754,7.317992382,7.042669776,6.945373352,6.978321972,6.66004931,6.608469771,6.560942959,6.524556801,6.496483778,6.226378676,6.208488494,6.199666458,6.203266144,5.96702473,5.985582229,6.003009008,6.015979947,6.027250707,6.035268601,6.03915638,6.038335885,6.032022499
2,6,7.652895282,7.166871648,6.819051419,6.67821751,6.568615883,6.522895363,6.414582141,6.187384953,6.132445492,6.085069268,6.041413892,6.007975588,5.732915911,5.714399292,5.698019814,5.44254038,5.445692828,5.456511603,5.224660397,5.239847795,5.251128993,5.260955941,5.267924112,5.2713225,5.270608078
2,7,7.134646637,6.609956629,6.379202778,6.295889162,6.167060742,6.06728375,6.006494522,5.886982729,5.914991288,5.607702945,5.31154084,5.27352652,5.244421247,5.221938607,5.20509951,5.190228036,5.182849704,5.185870232,4.948700533,4.964017081,4.978412359,4.989105042,4.998431742,5.005023793,5.008244823
2,8,7.003782042,6.321312304,6.337842497,6.107709456,6.028870755,5.906739959,5.81181348,5.743366412,5.362779248,5.388235173,5.340603336,5.299537426,5.011137253,4.983517017,4.96221275,4.946234432,4.932133838,4.925137904,4.928001892,4.93773516,4.952983801,4.718925873,4.729038537,4.737882865,4.744105449
2,9,6.732174464,6.442745469,6.301999703,6.067355227,6.091262338,5.763219384,5.647151258,5.556803823,5.480557721,5.349677873,5.119069558,5.073901374,5.034980527,4.999100162,4.971624453,4.702900452,4.687804553,4.674460715,4.667845912,4.670542397,4.67975685,4.694186127,4.459927551,4.469440203,4.477790161
2,10,7.14128606,6.70852038,6.422942752,6.283972728,6.051277009,6.075910912,5.999175113,5.878837166,5.785000458,5.716004066,5.336599671,5.106495974,5.061548429,5.022828757,4.987108325,4.959763915,4.938649625,4.922834568,4.663412096,4.65681709,4.659512272,4.66868321,4.683044176,4.696471961,4.706488514
2,11,7.648768548,7.113984529,6.964098678,6.936348333,6.52634162,6.537698001,6.312166954,6.232805249,6.108116098,6.01086524,5.701148286,5.829300345,5.602119638,5.552940345,5.510573413,5.471486715,5.4415644,5.418458966,5.401138904,5.385840381,5.378216999,5.381348003,5.391912377,5.408468432,5.423909332
2,12,8.95605265,8.497396573,8.223171195,8.051675095,7.713032631,7.548888817,7.272417226,7.302560177,7.210988552,7.067103365,6.954870088,6.9222801,6.571929771,6.602805685,6.544996853,6.495193557,6.449228449,6.414051707,6.386903899,6.366541376,6.348555215,6.339577004,6.099286627,6.111229262,6.129960057
2,13,10.43561443,9.81450584,9.636738752,9.328015422,9.134973384,9.018256665,8.827362747,8.505103062,8.540267361,8.433439082,8.265567832,8.134594036,7.891783913,7.816065292,7.599380904,7.533013431,7.475852995,7.423059983,7.382689071,7.351517721,7.32813687,7.307484325,7.29717502,7.301384099,7.315610049
2,14,12.48400487,11.84303644,10.9678213,10.77114091,10.42805768,10.21415212,10.05344198,9.841449076,9.732578684,9.522138973,9.40331046,9.216589862,9.070857721,9.103367508,9.054826977,9.097134655,9.017877943,8.949613675,8.886541087,8.83834664,8.801116764,8.773191078,8.748502426,8.736210135,8.741279966
2,15,14.54058607,13.83408974,13.51458209,13.27927194,12.46432811,12.63241224,12.3755569,12.1263886,11.87154983,11.44068007,11.48770815,11.34483107,11.12029744,10.70709666,10.78957629,10.77861723,10.32514122,10.23551674,10.15827081,10.08691973,10.0323973,10.23391813,10.20157833,10.17293998,10.1586933
2,16,17.32665896,15.56122797,15.1777483,14.88695931,14.69067319,14.4341593,13.98229841,13.69983122,13.39697333,13.11640682,12.88979228,12.69370343,12.53634927,12.52996952,12.3331175,11.97607717,11.99139617,12.04698323,11.94279402,11.85293471,11.76995621,11.70657471,11.65758751,11.62086914,11.82977676
2,17,18.92329102,17.75348479,17.10139499,16.76891044,16.512385,16.07134508,15.79502084,15.30439041,14.99667347,14.90340242,14.59274715,14.3139897,14.12453878,13.95024413,13.67618161,13.69840366,13.62765831,13.43053058,13.49251166,13.37633578,13.03027695,12.93945313,13.11293883,13.05827133,13.49944074
2,18,20.73564286,19.22062945,18.89541653,18.53520817,17.70060804,17.47000513,17.35290162,17.06006707,16.81082176,16.47599974,16.06427784,15.9861352,15.66007842,15.47765138,15.28820079,15.22835997,14.99202963,14.96083037,14.54783958,14.61443287,14.48963929,14.38198303,14.52466227,14.68833638,14.62754318
2,19,22.32715701,20.82516503,20.14938602,19.86294567,18.99989313,18.4752737,18.27209643,18.1823089,17.88081598,17.61104782,17.26604181,17.0842752,16.73679885,16.63029292,16.45447253,16.2560228,16.17851704,16.16193334,16.16586174,15.78487881,15.85607562,15.72271897,15.84772735,15.73986299,15.65760147
2,20,23.08487621,21.6329888,20.97042538,20.31704625,20.05056341,19.73462128,19.25066776,19.07055561,18.72319021,18.41777563,18.1362835,18.04794476,17.8380755,17.72674227,17.34976411,17.17921982,17.21068949,16.88485914,16.85783605,16.64755715,16.76084666,16.5949157,16.45725407,16.3384764,16.46404136
2,21,23.91792528,22.15660869,21.51242219,21.3715835,20.98581482,20.50098329,19.95099218,19.48665822,19.04542199,18.9776806,18.94364806,18.65103132,18.29656411,18.08004755,17.96552561,17.58548892,17.65345561,17.44636406,17.34870672,17.31512172,17.35215387,17.24231595,17.3180302,17.41160083,17.28757887
2,22,24.24550172,22.65198063,21.95063232,21.81574903,21.20789958,20.84719611,20.63144655,20.35117076,19.90669705,19.48124601,19.15566677,18.85397069,18.82726756,18.72884305,18.49965374,18.61764021,18.45258896,18.29124995,18.30896144,17.9723787,18.15153209,18.2116812,17.88885907,17.9661187,17.82153698
2,23,24.89177125,23.09751074,22.72664026,22.28544169,21.69993991,21.3572919,21.25398512,20.813642,20.5394196,20.36151877,19.69177195,19.6418286,19.33740638,19.29761751,18.94279277,19.18870169,18.82131514,19.10680248,18.95016108,18.50873748,18.83794272,18.34702079,18.41169906,18.55546825,18.63448346
2,24,26.00569616,23.84179644,23.46233189,23.12384882,22.7025428,22.38612532,22.06499922,21.49359208,21.54817591,21.28466403,21.12957713,20.48136324,20.45091649,20.13771096,20.07618914,19.95757168,20.16320334,20.01405638,19.80746246,19.88089536,19.65689778,19.74286021,19.67639892,19.55490373,19.49339831
2,25,27.15159259,25.25147197,24.94226631,24.58439747,24.30122619,23.90073683,23.39865458,23.32858907,22.9899079,22.6005001,22.59266637,22.47499657,21.85514612,21.59742913,21.52538073,21.4258665,21.03918916,21.67480257,21.49821773,21.24466927,21.32296663,21.30625072,21.1442759,21.05837683,21.19631096
2,26,29.1498121,27.53667513,26.82802232,26.70792281,26.37219891,25.94276575,25.56136027,25.1147897,25.05716898,24.71280111,24.6071516,24.3787345,24.3111932,24.23235802,24.0327155,23.66993422,23.51197069,23.57650759,23.41281594,23.43472682,23.34222932,23.20467753,23.16722433,23.18996373,23.07566575
2,27,32.01613068,29.9849409,29.56939568,29.30692454,28.91517388,28.60551371,28.04432349,27.90159737,27.52240532,27.48186895,27.36041551,26.84512737,26.64087382,26.389389,26.34702291,26.4552303,26.31126223,26.08184285,25.85871475,26.07835148,25.82225604,25.65338735,25.74688152,25.68160517,25.65993471
2,28,34.77035657,32.64350479,32.43547382,32.28244692,31.79148319,31.56314884,31.27848094,31.04275749,30.90937394,30.15462879,29.90073651,29.76928802,29.55149111,29.37576499,29.20026845,28.95710728,29.12580431,28.94286804,28.88768932,28.61598431,28.96646494,28.65815034,28.61945264,28.72315628,28.40701129
2,29,37.96923362,35.85364946,35.57739426,35.10985545,34.77440382,34.28130669,33.99789598,33.94622746,33.58242149,33.4568262,33.23355627,32.77107099,32.62762687,32.71550456,32.33483674,31.99632653,32.05088388,32.03653182,31.81123663,31.67872895,31.59837508,31.37848451,31.70648851,31.79015864,31.68484144
2,30,41.46462261,38.89414722,38.63124122,38.35048328,37.84431766,37.32991695,37.04791677,36.90926508,36.65720582,36.61061175,36.04886624,35.89711931,35.91424783,35.29891765,35.45133541,35.33627565,35.07985539,34.93930225,34.73868647,34.7236968,34.755979,34.38305107,34.5238698,34.79361063,34.56029678
2,31,44.65765691,42.19975391,41.45936982,41.21000642,40.9240836,40.38573838,40.34805155,40.04862735,40.04340876,39.37854661,39.20530623,39.09595057,38.79945361,38.60662264,38.66679632,38.1973208,38.10998162,38.17216131,37.83724298,37.95714638,37.64548672,37.84162069,37.89201253,37.67694091,37.66329689
2,32,48.37001014,45.61360511,45.04411808,44.7036761,44.2422509,43.7296266,43.36825313,43.36532535,43.04383261,42.74658506,42.52263957,42.01652798,41.69355679,41.92384897,41.29378001,41.34222915,40.93768349,41.1141461,41.01453953,40.72847192,40.66231588,40.56038022,40.6779661,40.67893378,40.82334729
2,33,52.1746201,49.34962626,48.4520257,48.14795799,47.75101638,47.30384801,46.78149936,46.58726513,46.39677378,45.83491573,45.46391249,45.46647968,45.28355235,45.19173257,44.83417047,44.45350828,44.48834976,44.15949756,44.13208473,44.11372616,44.12703656,43.88708408,43.73790063,43.77044938,43.71740499
2,34,56.7134873,53.15494893,52.63794021,52.2100562,51.49283657,51.03871587,50.82399517,50.50594552,50.02740632,49.43175452,49.28407252,49.24644449,48.84041342,48.77413602,48.47105902,48.20252336,48.07384142,47.86532066,47.85079887,47.86042674,47.45785694,47.52781485,47.36614026,47.41430671,47.34871361
2,35,61.24444455,57.99580489,57.40146925,56.68697385,56.0476043,55.60442465,55.07068333,54.6381671,54.29585479,54.18420672,53.6294971,53.45079418,53.5152853,53.12901068,52.54866547,52.47745628,52.3173754,52.21639114,51.99004436,51.84063442,51.89015797,51.83738081,51.73567014,51.92245407,51.65565052
2,36,67.15601864,63.52219971,62.69458154,62.10390478,61.64295407,61.02184469,60.62926798,60.21490029,59.78326336,59.18694429,58.76949732,58.48004643,58.26552056,57.7778061,57.83825777,57.64108816,57.36268945,57.10749405,57.2679959,57.01956455,56.99070398,56.85598215,56.45145659,56.67439574,56.47054078
2,37,73.75097185,69.61443727,68.92888758,67.87557348,67.51085237,67.08407871,66.25152062,65.90725094,65.37974924,64.94854334,64.3196643,64.02717888,63.78981914,63.7543449,63.33351044,63.42007149,63.19492319,62.93196478,62.59973276,62.33928154,62.52510132,62.16057057,62.07749537,62.29714039,62.12665455
2,38,81.05420815,76.23865274,75.39655934,74.34031818,73.96132815,73.14943191,72.5276215,71.93121747,71.63487204,70.98436112,70.77725482,70.3333178,69.93250751,69.31364092,69.4559719,69.09689298,68.7831366,68.96399284,68.4954281,68.31363244,68.32057481,68.02441574,68.02466654,68.23617745,67.8934364
2,39,88.36048115,83.2527425,82.13933045,81.46371576,80.96067034,79.8535567,79.49018195,78.67073584,77.8539469,77.37941708,76.82858738,76.39897241,76.14151222,75.85417688,75.51356933,75.3920386,74.87609283,74.58890613,74.52767808,74.29601751,74.27118551,74.31823343,73.99574753,73.90481714,74.17521414
2,40,96.27572594,90.94673331,89.9586768,88.50547949,87.48098995,87.06700974,86.15313833,85.10858662,84.53610811,83.9517515,83.07192682,82.84643375,82.41785854,81.90071813,81.50998334,81.22520182,81.06197745,80.82191635,80.77604841,80.26436384,80.04851694,79.95107268,80.2659325,79.68937129,79.96773232
2,41,105.0375109,98.37155201,97.55929314,96.21290434,94.92034665,93.80234506,92.98187443,92.03959056,91.20974525,90.43339072,89.62915935,88.79585741,88.67198624,88.02059771,87.6903797,87.41363544,86.74659536,86.54309507,86.37149315,86.13770705,85.80947863,85.83072274,85.88882978,85.55605126,85.86935298
2,42,114.0111749,106.795408,105.3184615,103.6703234,102.4554143,101.0702387,100.1121205,98.88173956,97.90772986,97.29302429,96.3128676,95.51433451,94.72950162,94.25670658,93.60566102,93.24081772,92.86498282,92.691159,92.44436674,92.11795779,91.91068419,91.77953891,91.59590901,91.58061999,91.5155456
2,43,123.5396346,115.53003,113.9719935,111.8449341,110.3330062,109.0116735,107.5336589,106.4716289,105.0592522,104.0419508,103.1906876,102.231797,101.438594,100.9306399,100.3258916,99.67516178,99.05003026,99.00655428,98.45261995,98.38226758,98.11276583,98.14707307,97.56496865,97.6193091,97.76496528
2,44,133.8130487,125.4420071,123.3000505,121.1687338,119.3546633,117.5073658,115.8320561,114.5195327,113.3399617,112.1846725,110.857486,109.9933959,108.8326398,108.2719302,107.3635398,106.8454876,106.1948485,105.9731535,105.5880973,104.8779252,104.7608216,104.5372576,104.6011679,104.6809886,104.5335606
2,45,145.8689798,136.6628037,133.8025314,131.5513633,129.326079,127.1418937,125.9445844,123.9341163,122.2969163,121.2394264,119.5652174,118.3688591,117.4907935,116.5828327,116.0295241,115.1844666,114.5004025,114.073799,113.3585241,113.0599523,112.8625876,112.4682179,112.6824166,112.5704368,112.2580474
2,46,159.4297142,149.1105026,146.3531486,143.6979482,141.3934244,138.681781,136.8971747,135.1504659,133.3168993,131.6423347,130.1740381,129.0951048,127.7095907,126.8139243,125.7129396,124.9416108,123.9409565,123.5178418,123.0920729,122.7646055,122.5169034,121.9711239,121.9472146,121.9140506,122.0588109
2,47,174.9390348,163.5415258,160.703001,157.602688,155.1147817,152.3719831,149.9142518,147.6357705,145.8459807,144.2177008,142.5412029,141.1420086,139.5808788,138.4176958,137.5022014,136.6658961,135.9047079,135.2223275,134.5596697,134.1350083,133.5158049,133.295457,133.2956692,133.189337,133.2889748
2,48,192.3107171,179.6729194,176.4348651,173.399124,170.2008348,167.4243169,164.9396536,162.3370968,160.091647,158.2909516,156.6507959,155.0069702,153.3977604,151.980181,150.957061,150.2442882,149.2268214,148.7046238,147.8986825,147.4144778,146.9914371,146.7361232,146.4994823,146.1873694,146.2063614
2,49,211.7009485,197.6827884,194.1602096,190.6476047,187.6276733,184.590224,181.6946396,179.0936526,176.8732939,174.7486927,172.7314175,171.1174423,169.5529814,168.2064449,166.5302603,165.3287494,164.8159725,163.8497892,163.114904,162.655826,162.0830928,161.6619114,161.7609214,161.4754215,161.3093903
2,50,232.8929228,217.8885002,213.3841871,210.1630189,206.8159626,203.6026778,200.3313256,197.7084668,195.2750996,193.2917752,190.8795009,188.9190566,187.3636696,185.6619403,184.2985738,183.4671016,182.2112835,181.2167995,180.5353384,180.0437834,179.4941154,179.238405,178.8190316,179.03566,178.6621359
2,51,254.488446,238.1785751,233.7573049,230.0254731,226.4749418,223.2977553,219.8881095,216.8213377,214.6647552,212.2079772,209.7927336,207.8186928,206.1761259,204.445039,202.8809089,201.4830473,200.2460369,199.3990806,199.0522937,198.2068193,197.7321105,197.3266824,197.1445476,196.9514078,196.8339197
2,52,277.7481273,260.4152667,255.9838326,251.8242655,247.8306918,244.1686988,241.1701137,237.9845642,235.161093,232.5726226,229.900964,228.0118902,226.059563,224.0152251,222.3682216,221.2183308,219.767362,219.0065369,218.0336544,217.6535137,217.1014005,216.8718064,216.1628228,216.0356448,216.0691601
2,53,304.6371789,285.0516532,280.90523,276.2611533,272.131593,268.3148058,264.5497033,261.7520451,258.3585648,255.6152726,253.1879743,250.8478972,248.4576478,246.6154284,244.9544836,243.4493894,242.0096648,240.974904,240.0294982,239.5179616,238.8726663,238.6237767,238.4146453,237.8794223,238.1986955
2,54,334.5088161,313.4120513,308.5663042,303.4655725,299.2000203,295.0772981,291.0365191,287.8104617,284.5915681,281.6335174,278.8224113,276.2785155,273.9152296,272.042011,269.7051167,268.4740606,267.4132269,265.745209,264.5708505,264.007844,263.1521988,263.1468221,262.7568928,262.3421348,262.4608411
2,55,367.7698148,344.4499609,339.2054273,333.563899,329.1988809,324.6168864,320.2672952,316.4355882,312.9067095,309.9246926,306.7596999,304.1449986,301.6516345,299.3454343,297.1510526,295.5927367,294.0964068,292.7592239,291.4102854,290.8306563,290.0107411,289.412479,289.3630595,289.066913,288.9042015
2,56,402.693866,377.3644392,371.4577574,365.6818156,360.3327753,355.3726534,350.8894825,346.7199931,342.8863815,339.2685762,336.1021854,333.1580817,330.3238393,328.0806524,325.6373035,323.6181353,322.1561943,320.4004507,319.5542523,318.2950637,317.5281966,317.1524209,316.5443602,316.6764272,316.4785403
2,57,440.0891463,412.7605815,405.89854,399.9570195,393.8247181,388.4998698,383.7799169,379.1305755,374.4844246,370.6558117,367.1645689,364.0382943,361.0991442,358.520132,356.0533407,354.1949899,352.2038639,350.1806117,349.1868149,348.3680766,347.240353,346.5101296,346.2065923,345.7438882,346.057191
2,58,479.8668602,450.4481329,443.6450093,436.6524612,430.3964821,424.3006012,419.1571326,414.1829864,409.3206388,405.441722,401.0010078,397.6484633,394.8016339,391.8682454,389.1649003,387.0715071,385.0066692,382.892134,381.6089578,380.1890412,379.4348364,378.4844916,378.2722479,377.8782569,377.6889939
2,59,522.2255393,490.8080194,483.4234537,476.0917513,469.6720128,463.063089,457.1632063,451.6795785,446.6224858,441.9352178,437.9610081,433.7669932,430.3460754,427.3629811,424.4333358,422.0904432,419.6706142,417.8963014,415.9697339,414.5307845,413.9594365,413.0615657,412.3408282,412.3546405,411.9814524
2,60,567.2193243,533.2567065,525.7568636,518.0467642,511.1317882,504.0110779,497.742906,491.7324864,486.2979975,481.1124903,476.7772695,472.2590435,468.3216325,465.2681237,462.380528,459.6701217,457.0749001,454.9407175,453.5472492,451.9102832,450.4169886,449.7421932,449.501226,448.8072631,448.7509808
2,61,616.176293,578.842535,570.5223637,563.2613207,555.6697838,548.3378587,541.4583344,534.9899932,529.0104776,523.5519353,518.6239149,513.9389751,509.9202273,506.0481825,502.7285396,500.1743264,497.6860233,495.3450183,493.6485354,491.8422267,490.3550781,489.6356316,488.6587596,488.614911,487.9995982
2,62,669.7079487,628.5940576,619.6425586,611.5773203,603.9169486,596.3655949,589.0315643,582.3206556,575.5826405,569.5230245,564.4054921,559.4439681,554.9916719,550.8001969,547.0132168,544.0895655,541.4665619,538.9814001,536.9680081,535.4264644,533.754771,532.5542971,532.2533556,531.5320585,531.4970327
2,63,728.6205715,683.2918134,673.3119548,664.4748995,656.4091645,648.5147708,640.8875202,633.1817766,626.567977,619.9893367,613.9574724,608.6181792,604.001594,599.2799923,595.7470698,591.8564732,588.9077721,586.9027551,584.1998189,582.3742601,580.9156242,579.9592623,578.9648388,578.2360667,578.3344275
2,64,793.5370023,744.0947061,732.396311,722.5600559,713.2350784,705.4733349,697.2323726,689.6624618,682.2133579,675.3574685,668.8601345,662.948916,657.4862947,653.1222511,648.6990965,644.9218106,641.3877976,638.6533902,636.648069,634.3915426,632.8636911,631.603354,631.0835879,629.9966397,629.7498885
2,65,867.3302894,811.7870142,799.2470282,787.7971068,777.7055841,768.3894748,760.4002166,752.181381,744.213006,737.1140121,730.6592063,723.6373352,717.8867091,712.3646311,707.9088095,703.6806044,700.4825644,696.9116944,694.4167652,692.6831014,690.8822345,689.3383409,688.6051653,688.2689163,687.554247
2,66,950.5883316,889.7261503,874.666965,861.8494224,849.8315065,839.6348817,830.265617,822.0617503,814.2186601,806.1730742,798.9575211,792.0194084,785.608959,779.5425789,774.6973947,770.22463,766.2699249,762.9359516,759.8181048,757.5960201,755.9725887,754.4084123,753.2355838,752.6619634,752.5089492
2,67,1046.274525,977.9023981,961.3592765,945.3738569,932.4367632,919.915885,909.7572109,900.5268767,892.1391921,884.1772425,876.3683984,870.6284262,865.8252117,859.0701018,853.7384548,848.284444,844.2450137,840.795214,837.4388053,834.4227869,832.7544082,831.5772649,830.2567331,829.5161544,829.0692402
2,68,1153.912972,1077.81556,1057.688678,1040.518849,1024.278617,1011.365797,999.281146,988.3980139,978.6388546,970.3823074,962.6427693,958.3756566,954.8630525,948.145781,941.6603118,936.3042989,931.4213362,927.6337515,924.0814084,920.8548979,918.2230134,916.7016387,916.0465815,915.4353977,914.6273504
2,69,1275.891079,1190.566058,1167.970244,1147.620738,1129.962437,1113.645242,1099.775939,1087.592497,1076.667082,1067.140693,1058.77892,1054.696977,1050.934217,1043.587711,1037.187111,1030.621295,1025.560443,1020.872626,1017.234474,1013.935362,1011.693912,1009.271905,1008.154019,1007.62229,1006.819385
2,70,1412.091783,1316.926727,1291.249548,1267.738699,1246.902024,1228.539038,1212.291914,1198.466536,1185.629684,1175.086739,1165.414968,1159.041291,1153.27061,1145.18316,1138.192626,1132.037799,1125.828839,1121.165754,1116.549954,1113.211264,1110.312967,1108.132749,1106.16831,1105.48177,1105.80583
2,71,1565.026343,1458.025195,1428.410825,1402.028413,1378.347318,1356.534378,1338.089843,1321.184042,1307.552786,1294.404325,1284.074036,1273.860775,1265.695931,1258.064002,1250.727208,1243.543271,1237.733885,1231.474133,1226.927729,1222.875712,1220.135194,1217.702975,1216.654889,1214.544401,1214.80553
2,72,1736.819838,1618.888847,1584.66871,1553.69785,1526.649178,1501.913405,1480.052972,1461.474879,1444.386076,1430.282523,1417.202559,1406.854318,1397.151302,1389.012986,1381.378826,1373.741388,1367.262304,1361.758645,1355.68092,1351.689104,1347.960804,1345.961217,1344.150714,1343.193498,1341.751337
2,73,1931.415943,1799.721117,1762.131251,1726.498701,1695.077793,1667.064437,1641.949287,1619.567654,1600.85755,1582.917531,1569.189531,1556.285774,1545.338756,1535.429113,1527.673736,1520.582295,1513.098659,1506.677796,1501.784595,1496.467343,1492.844324,1489.569282,1488.059785,1486.884489,1486.620883
2,74,2147.316942,2003.775289,1961.819791,1922.648405,1886.241094,1853.302624,1824.975327,1799.816013,1776.680437,1757.259511,1739.266399,1725.571988,1712.302549,1701.718273,1692.357176,1684.762961,1677.224171,1670.953784,1665.00994,1660.463547,1655.679444,1652.472054,1650.014144,1649.200193,1648.636839
2,75,2395.74904,2233.742934,2189.909606,2145.603471,2105.989679,2067.59051,2034.359131,2004.630983,1978.703031,1955.256899,1936.141923,1918.110708,1904.490277,1891.285166,1880.721414,1871.424843,1864.074348,1857.416929,1850.96689,1845.589417,1841.644438,1837.660457,1835.619127,1833.225512,1833.291122
2,76,2684.384728,2499.418408,2447.804473,2402.39068,2356.591999,2315.268688,2275.580311,2240.937462,2211.005322,2184.285325,2160.703213,2141.00162,2123.294094,2109.154199,2096.1582,2086.201847,2077.090024,2070.400057,2064.082863,2058.365188,2053.838339,2050.125306,2046.905561,2045.405131,2044.345568
2,77,3021.773023,2809.504944,2747.520558,2693.735214,2646.365134,2599.848127,2555.992909,2515.23402,2480.060733,2448.669228,2421.874464,2397.623246,2378.028446,2359.815929,2346.236634,2333.629748,2323.810468,2314.983624,2309.127957,2303.134938,2298.095154,2294.065954,2291.919559,2289.086357,2288.730696
2,78,3414.086762,3171.472701,3096.259697,3032.146688,2975.900682,2927.01389,2877.978904,2833.829656,2791.405792,2754.453742,2723.091341,2695.239861,2670.937561,2651.272391,2632.960868,2619.784751,2607.437189,2598.285166,2589.801423,2584.268527,2579.574991,2575.775274,2572.11854,2571.444797,2569.177494
2,79,3868.056607,3590.509699,3502.96107,3424.40492,3356.927264,3299.119578,3248.199944,3197.682588,3151.571547,3107.647765,3070.130036,3037.084458,3009.554209,2984.93419,2965.61226,2947.273593,2934.657871,2922.391589,2914.145822,2906.101198,2901.714288,2897.997135,2894.447423,2892.671367,2892.794543
2,80,4392.119393,4075.209674,3972.487401,3880.173347,3798.37913,3727.923901,3667.227568,3614.419842,3561.901318,3513.877047,3468.657074,3430.303995,3397.477475,3368.996604,3344.823184,3325.211507,3307.574557,3295.289479,3283.979329,3276.193199,3269.761513,3266.771499,3263.72491,3261.690643,3260.538295
2,81,4985.53317,4628.143961,4509.806433,4401.697597,4304.180486,4217.96083,4144.988933,4082.044385,4027.146134,3972.973598,3923.122981,3877.476699,3837.946237,3804.788562,3776.134241,3751.830283,3733.608139,3716.261643,3705.389454,3694.465095,3687.891926,3682.237116,3680.500598,3678.761649,3677.82894
2,82,5659.52495,5257.925673,5125.563497,4999.128277,4884.966163,4782.129693,4691.506712,4614.956909,4550.483886,4494.170051,4437.838463,4387.296628,4339.736519,4299.394993,4266.56629,4238.621537,4215.06631,4197.239355,4180.78627,4170.975926,4161.312565,4156.0921,4152.236009,4151.956964,4152.250415
2,83,6424.133237,5977.362256,5829.591113,5689.241953,5555.132232,5433.465711,5325.608481,5230.512551,5151.123378,5083.825978,5026.230848,4969.269653,4917.36722,4868.362387,4828.484699,4795.402839,4768.36758,4744.792091,4728.761161,4713.918718,4705.188274,4697.834362,4693.72617,4691.29892,4693.181796
2,84,7291.194788,6791.645403,6635.065243,6476.823684,6326.472865,6182.992439,6054.417402,5939.221002,5840.810163,5759.001524,5689.38666,5630.192426,5571.343739,5518.735047,5469.714286,5429.470074,5397.899346,5371.858821,5349.575062,5335.041062,5321.645158,5315.504757,5309.051624,5308.130828,5306.803466
2,85,8268.748009,7714.364507,7544.980069,7376.85701,7205.159664,7044.043523,6892.688097,6755.603021,6635.065341,6531.420672,6447.10933,6376.283877,6315.91823,6255.946517,6203.026227,6154.2255,6114.965817,6084.328066,6059.090951,6039.393288,6026.692189,6015.185191,6011.052494,6007.373426,6007.914592
2,86,9362.463034,8752.379175,8573.845129,8391.917521,8209.247789,8025.915212,7853.311588,7690.756532,7546.077005,7419.146373,7312.082875,7224.758879,7152.702893,7092.439278,7032.257871,6979.040572,6931.470794,6892.386785,6862.905933,6841.093865,6823.327682,6813.074913,6804.138542,6803.825723,6801.335616
2,87,10579.3111,9903.084443,9724.26651,9531.417867,9335.148804,9137.84002,8940.284271,8755.647962,8582.353355,8430.426128,8297.768629,8186.915761,8096.946312,8024.286238,7963.424012,7903.639588,7852.504598,7804.740391,7769.115866,7742.138246,7722.264176,7707.149428,7700.805334,7694.892724,7697.121562
2,88,11920.64738,11179.62062,10997.23199,10802.75842,10595.94585,10383.43729,10171.05516,9958.323816,9762.037088,9579.020237,9417.923294,9279.402937,9164.262782,9074.776538,9001.67199,8941.548063,8883.173341,8833.223886,8787.674213,8754.067135,8730.734334,8715.105312,8703.735463,8700.523662,8698.278303
2,89,13391.2988,12584.31971,12404.62268,12208.43203,11999.9594,11776.26364,11546.80029,11318.31513,11091.70347,10880.83632,10687.50811,10518.41634,10374.22204,10258.29145,10166.32675,10094.66766,10035.56006,9979.178091,9931.910778,9890.77131,9859.920001,9841.254524,9829.348451,9823.088586,9823.401148
2,90,14988.50297,14102.80041,13933.51128,13742.09493,13529.16542,13307.72602,13067.11062,12821.67825,12576.5194,12332.33578,12107.17865,11904.33231,11728.71825,11580.73889,11459.92297,11370.40804,11300.59199,11244.47134,11191.95086,11148.45289,11110.70555,11084.57145,11071.70635,11063.46723,11062.2087
2,91,16721.73478,15754.858,15585.66033,15405.43589,15201.05619,14977.58344,14738.48078,14483.37962,14217.08583,13954.08726,13695.08092,13456.87607,13242.15461,13058.66459,12907.17089,12787.26198,12699.29141,12633.45734,12581.96162,12532.37659,12494.23938,12461.70903,12441.77545,12434.10231,12431.59305
2,92,18600.6607,17540.4671,17376.38987,17200.76598,17011.06519,16796.40917,16556.53929,16301.49813,16027.22864,15744.15744,15463.10944,15188.16248,14937.73056,14713.82856,14523.58693,14368.22311,14248.07077,14164.9853,14101.41014,14054.43679,14013.24881,13978.09929,13953.33565,13941.37847,13937.63344
2,93,20605.80612,19438.91724,19280.2992,19110.33848,18927.93549,18728.91566,18501.04509,18248.13247,17977.40239,17683.9391,17382.56763,17084.47831,16794.16205,16530.52906,16295.80649,16100.09164,15944.90154,15826.65716,15745.00665,15692.25396,15651.74894,15614.59675,15587.56599,15569.46292,15563.163
2,94,22717.33048,21429.43001,21270.66419,21105.48988,20932.46694,20744.23771,20537.14822,20295.05874,20033.40093,19746.77214,19436.1604,19114.83453,18801.2118,18494.32448,18218.22017,17976.55791,17778.56073,17620.9137,17505.17447,17434.2787,17386.10832,17354.23633,17324.92934,17306.8765,17296.41778
2,95,24866.40685,23500.95439,23324.05226,23159.59496,22992.92086,22815.93758,22622.1571,22409.12907,22162.29468,21880.78048,21580.51268,21251.66445,20915.46943,20585.4367,20264.18641,19978.98206,19728.08923,19529.49243,19371.91104,19263.89822,19200.24715,19160.59098,19139.47479,19121.70686,19110.3462
2,96,27078.03349,25572.19251,25429.12454,25247.40623,25074.78373,24915.4918,24729.66814,24534.82628,24312.73543,24062.99213,23774.06049,23455.89829,23111.26141,22758.44139,22415.26092,22082.27338,21785.45845,21532.40883,21332.33932,21181.00784,21078.1315,21024.20723,20996.37335,20986.92033,20977.44021
2,97,29308.50252,27697.54989,27525.50654,27391.25418,27208.66919,27035.33855,26863.95081,26684.28005,26483.74427,26261.44967,26000.62215,25702.69052,25372.78218,25017.59324,24646.58364,24290.82338,23948.87721,23644.34268,23390.93948,23190.95647,23042.77382,22952.90361,22911.43454,22892.0029,22896.28794
2,98,31584.73221,29863.96027,29701.52603,29533.06236,29389.79819,29216.77911,29044.66134,28871.70633,28701.2012,28500.4081,28276.01063,27996.91726,27695.73134,27353.77806,26994.36884,26610.83194,26233.29218,25878.22627,25568.49418,25315.63312,25116.77095,24977.89381,24897.38431,24865.56502,24862.91712
2,99,33920.33543,32087.04542,31958.12808,31763.76696,31626.33652,31484.19039,31288.85205,31127.55315,30965.69921,30788.67011,30583.22956,30363.39974,30086.60115,29770.56519,29428.14866,29037.44175,28644.24833,28249.16315,27892.35768,27583.42846,27327.53263,27133.1058,27002.30117,26935.64807,26909.41385
2,100,36374.79542,34412.01354,34279.56989,34117.64706,33964.91228,33786.00823,33667.26885,33489.14355,33303.07157,33144.77909,32998.63076,32770.21976,32547.44106,32275.57411,31965.47145,31598.42131,31193.38768,30792.19533,30395.53753,30022.52914,29707.92768,29462.07132,29274.00468,29148.0855,29084.77559
2,101,38899.55214,36816.72026,36697.83941,36551.04712,36435.43956,36273.46794,36078.30951,35949.49245,35774.20086,35617.05989,35467.64235,35308.81017,35090.06004,34846.54731,34586.92972,34237.75132,33916.3361,33503.37338,33061.16161,32667.92948,32278.83539,31974.67353,31704.65567,31514.0443,31416.16929
2,102,42406.0969,40104.71204,40050.89059,39938.86908,39762.76431,39600.2161,39466.37021,39329.12008,39195.9799,39039.88705,38830.16209,38695.96031,38574.93857,38335.04625,38109.25744,37794.53346,37459.1867,37107.77626,36698.83692,36248.56157,35814.75871,35427.86275,35117.31627,34848.21587,34678.22608
2,103,46125.11671,43761.81474,43706.29371,43463.49745,43426.63274,43236.30137,43112.70125,42975.20661,42788.46154,42720.91545,42443.54372,42338.70968,42196.53179,42000,41833.33333,41649.04863,41363.63636,41006.16991,40563.99132,40148.55356,39675.09025,39244.77411,38860.43534,38493.72385,38256.13079
2,104,49265.90538,46793.76083,46722.68908,46739.13043,46546.54655,46326.83658,46153.84615,46069.18239,45893.71981,45658.26331,45504.99445,45372.2334,45354.64535,45100,45024.63054,44794.65138,44565.21739,44272.17916,44006.43604,43430.65693,43109.07903,42669.06044,42119.86681,41780.10471,41399.41691
2,105,52325.5814,49517.68489,49511.40065,49526.81388,49562.68222,49157.30337,49162.01117,48739.4958,48979.59184,48511.90476,48969.07216,48472.50509,48618.78453,48263.25411,47905.28233,48028.67384,47577.85467,47712.4183,47295.20866,46982.75862,46451.6129,46039.03559,45615.86639,45062.32023,44694.2446
2,106,55851.06383,53048.78049,52866.24204,52258.06452,53125,52601.15607,52486.18785,52197.8022,51912.56831,52000,52023.12139,51515.15152,51778.65613,51612.90323,51236.74912,51048.95105,51379.31034,50825.08251,50625,50733.13783,49864.49864,49397.59036,48936.17021,48752.39923,47993.0192
2,107,58947.36842,55421.68675,55844.15584,56756.75676,56756.75676,56000,56097.56098,55813.95349,56321.83908,55681.81818,55952.38095,54216.86747,55208.33333,54098.36066,54814.81481,54347.82609,54285.71429,53900.70922,53691.27517,53797.46835,53571.42857,52972.97297,52380.95238,52083.33333,51685.39326
2,108,62222.22222,56410.25641,59459.45946,58823.52941,56250,56250,57575.75758,58333.33333,57894.73684,57894.73684,58974.35897,56756.75676,57894.73684,58139.53488,58928.57143,59016.39344,57142.85714,57812.5,56923.07692,56521.73913,56164.38356,56410.25641,56321.83908,55000,54782.6087
2,109,70000,64705.88235,64705.88235,66666.66667,64285.71429,64285.71429,64285.71429,64285.71429,66666.66667,68750,68750,68750,62500,62500,66666.66667,65217.3913,64000,59259.25926,59259.25926,60714.28571,60000,59375,58823.52941,57894.73684,60000
2,110,66666.66667,66666.66667,66666.66667,66666.66667,60000,60000,60000,60000,60000,60000,60000,60000,60000,66666.66667,66666.66667,66666.66667,62500,66666.66667,63636.36364,63636.36364,63636.36364,66666.66667,69230.76923,64285.71429,68750
2,111,66666.66667,66666.66667,50000,50000,50000,50000,50000,50000,50000,50000,50000,50000,50000,50000,50000,50000,50000,66666.66667,66666.66667,75000,75000,75000,75000,75000,60000
2,112,100000,100000,100000,100000,100000,100000,100000,100000,100000,100000,100000,100000,100000,100000,100000,100000,100000,100000,100000,100000,100000,100000,100000,100000,100000
2,113,100000,100000,100000,100000,100000,100000,100000,100000,100000,100000,100000,100000,100000,100000,100000,100000,100000,100000,100000,100000,100000,100000,100000,100000,100000
2,114,100000,100000,100000,100000,100000,100000,100000,100000,100000,100000,100000,100000,100000,100000,100000,100000,100000,100000,100000,100000,100000,100000,100000,100000,100000
2,115,100000,100000,100000,100000,100000,100000,100000,100000,100000,100000,100000,100000,100000,100000,100000,100000,100000,100000,100000,100000,100000,100000,100000,100000,100000
2,116,100000,100000,100000,100000,100000,100000,100000,100000,100000,100000,100000,100000,100000,100000,100000,100000,100000,100000,100000,100000,100000,100000,100000,100000,100000
2,117,100000,100000,100000,100000,100000,100000,100000,100000,100000,100000,100000,100000,100000,100000,100000,100000,100000,100000,100000,100000,100000,100000,100000,100000,100000
2,118,100000,100000,100000,100000,100000,100000,100000,100000,100000,100000,100000,100000,100000,100000,100000,100000,100000,100000,100000,100000,100000,100000,100000,100000,100000
2,119,100000,100000,100000,100000,100000,100000,100000,100000,100000,100000,100000,100000,100000,100000,100000,100000,100000,100000,100000,100000,100000,100000,100000,100000,100000
2,120,100000,100000,100000,100000,100000,100000,100000,100000,100000,100000,100000,100000,100000,100000,100000,100000,100000,100000,100000,100000,100000,100000,100000,100000,100000
2,121,100000,100000,100000,100000,100000,100000,100000,100000,100000,100000,100000,100000,100000,100000,100000,100000,100000,100000,100000,100000,100000,100000,100000,100000,100000
2,122,100000,100000,100000,100000,100000,100000,100000,100000,100000,100000,100000,100000,100000,100000,100000,100000,100000,100000,100000,100000,100000,100000,100000,100000,100000
2,123,100000,100000,100000,100000,100000,100000,100000,100000,100000,100000,100000,100000,100000,100000,100000,100000,100000,100000,100000,100000,100000,100000,100000,100000,100000
2,124,100000,100000,100000,100000,100000,100000,100000,100000,100000,100000,100000,100000,100000,100000,100000,100000,100000,100000,100000,100000,100000,100000,100000,100000,100000
2,125,100000,100000,100000,100000,100000,100000,100000,100000,100000,100000,100000,100000,100000,100000,100000,100000,100000,100000,100000,100000,100000,100000,100000,100000,100000
